{"initial_reset_timestamp": 1612893403.207788, "timestamps": [1612893415.7642715, 1612893428.3313415], "episode_lengths": [200, 200], "episode_rewards": [200.0, 200.0], "episode_types": ["t", "t"]}