{"initial_reset_timestamp": 1611689347.382474, "timestamps": [1611689354.8333225, 1611689362.4002972], "episode_lengths": [115, 115], "episode_rewards": [-115.0, -115.0], "episode_types": ["t", "t"]}