{"initial_reset_timestamp": 1612721049.4491403, "timestamps": [1612721062.287404, 1612721074.8135915], "episode_lengths": [200, 200], "episode_rewards": [200.0, 200.0], "episode_types": ["t", "t"]}