{"initial_reset_timestamp": 1612892769.5574596, "timestamps": [1612892780.1068742, 1612892790.4812412], "episode_lengths": [162, 170], "episode_rewards": [-162.0, -170.0], "episode_types": ["t", "t"]}