{"initial_reset_timestamp": 1612722196.618832, "timestamps": [1612722207.2896008, 1612722218.1778655], "episode_lengths": [167, 167], "episode_rewards": [-167.0, -167.0], "episode_types": ["t", "t"]}