{"initial_reset_timestamp": 1611689133.9781153, "timestamps": [1611689146.5712478, 1611689159.261733], "episode_lengths": [200, 200], "episode_rewards": [200.0, 200.0], "episode_types": ["t", "t"]}